contig_id	cds_id	start	end	strand	phrog	function	product	annotation_method	transl_table	bitscore	fident	evalue	qStart	qEnd	qLen	tStart	tEnd	tLen	tophit_protein	function_with_highest_bitscore_proportion	top_bitscore_proportion_not_unknown	head_and_packaging_bitscore_proportion	integration_and_excision_bitscore_proportion	tail_bitscore_proportion	moron_auxiliary_metabolic_gene_and_host_takeover_bitscore_proportion	DNA_RNA_and_nucleotide_metabolism_bitscore_proportion	connector_bitscore_proportion	transcription_regulation_bitscore_proportion	lysis_bitscore_proportion	other_bitscore_proportion	unknown_function_bitscore_proportion
PP	PP_CDS_0001	2374	2	-	342	head and packaging	internal virion protein with endolysin domain	foldseek	11	3636.0	0.992	1.044e-69	0.0	790.0	791.0	0.0	790.0	1000.0	protein9309_1	head and packaging	0.649	0.649	0.0	0.274	0.007	0.005	0.0	0.002	0.021	0.042	0.0
PP	PP_CDS_0002	4603	2387	-	1339	head and packaging	internal virion protein	foldseek	11	3576.0	1.0	9.076e-67	0.0	736.0	738.0	0.0	736.0	738.0	protein841007	head and packaging	0.966	0.966	0.0	0.0	0.0	0.0	0.0	0.0	0.034	0.0	0.0
PP	PP_CDS_0003	5183	4596	-	805	head and packaging	internal virion protein	foldseek	11	822.0	0.989	1.860e-18	0.0	191.0	195.0	0.0	191.0	193.0	protein206643	head and packaging	1.0	1.0	0.0	0.0	0.0	0.0	0.0	0.0	0.0	0.0	0.0
PP	PP_CDS_0004	5628	5194	-	308	head and packaging	internal virion protein	foldseek	11	845.0	0.972	1.388e-21	0.0	143.0	144.0	0.0	143.0	144.0	protein263377	head and packaging	0.593	0.593	0.0	0.005	0.081	0.001	0.0	0.0	0.0	0.32	0.0
PP	PP_CDS_0005	8113	5687	-	457	tail	tail protein	foldseek	11	4869.0	0.992	1.285e-98	0.0	807.0	808.0	0.0	807.0	808.0	protein441396	tail	0.958	0.03	0.0	0.958	0.0	0.0	0.002	0.0	0.01	0.0	0.0
PP	PP_CDS_0006	8710	8123	-	446	tail	tail protein	foldseek	11	1177.0	1.0	3.883e-27	0.0	194.0	195.0	0.0	194.0	195.0	protein260992	tail	0.974	0.025	0.0	0.974	0.0	0.0	0.001	0.0	0.0	0.0	0.0
PP	PP_CDS_0007	9817	8774	-	267	head and packaging	major head protein	foldseek	11	1937.0	1.0	1.892e-48	0.0	346.0	347.0	0.0	346.0	347.0	protein590911	head and packaging	0.998	0.998	0.0	0.002	0.0	0.0	0.0	0.0	0.0	0.0	0.0
PP	PP_CDS_0008	10792	9917	-	1052	head and packaging	head assembly	foldseek	11	1367.0	0.996	1.231e-30	0.0	290.0	291.0	0.0	290.0	291.0	protein172692	head and packaging	1.0	1.0	0.0	0.0	0.0	0.0	0.0	0.0	0.0	0.0	0.0
PP	PP_CDS_0009	12492	10861	-	449	connector	head-tail adaptor	foldseek	11	3133.0	0.994	1.093e-74	0.0	537.0	543.0	0.0	537.0	541.0	protein598857	connector	0.684	0.316	0.0	0.0	0.0	0.0	0.684	0.0	0.0	0.0	0.0
PP	PP_CDS_0010	12809	12507	-	1320	moron, auxiliary metabolic gene and host takeover	host range and adsorption protein	foldseek	11	195.0	0.774	7.599e-05	0.0	99.0	100.0	0.0	101.0	102.0	protein27268	moron, auxiliary metabolic gene and host takeover	1.0	0.0	0.0	0.0	1.0	0.0	0.0	0.0	0.0	0.0	0.0
PP	PP_CDS_0011	13224	12781	-	2746	moron, auxiliary metabolic gene and host takeover	host range and adsorption protein	foldseek	11	303.0	0.153	3.128e-06	1.0	133.0	147.0	0.0	127.0	128.0	protein809579	other	0.772	0.007	0.0	0.0	0.221	0.0	0.0	0.0	0.0	0.772	0.0
PP	PP_CDS_0012	13493	13221	-	No_PHROG	unknown function	hypothetical protein	none	11																						
PP	PP_CDS_0013	13738	13496	-	1447	unknown function	hypothetical protein	foldseek	11	357.0	0.987	2.179e-08	0.0	78.0	80.0	0.0	78.0	80.0	protein26520	unknown function	0.0	0.0	0.0	0.0	0.0	0.0	0.0	0.0	0.0	0.0	0.0
PP	PP_CDS_0014	14751	13807	-	107	DNA, RNA and nucleotide metabolism	exonuclease	foldseek	11	1920.0	1.0	3.736e-45	0.0	312.0	314.0	0.0	312.0	314.0	protein609889	DNA, RNA and nucleotide metabolism	1.0	0.0	0.0	0.0	0.0	1.0	0.0	0.0	0.0	0.0	0.0
PP	PP_CDS_0015	15333	14950	-	No_PHROG	unknown function	hypothetical protein	none	11																						
PP	PP_CDS_0016	17491	15344	-	17	DNA, RNA and nucleotide metabolism	DNA polymerase	foldseek	11	4626.0	0.998	2.476e-91	0.0	714.0	715.0	0.0	714.0	715.0	protein435553	DNA, RNA and nucleotide metabolism	0.999	0.0	0.0	0.0	0.001	0.999	0.0	0.0	0.0	0.0	0.0
PP	PP_CDS_0017	18011	17502	-	9312	unknown function	hypothetical protein	foldseek	11	722.0	1.0	4.900e-17	0.0	168.0	169.0	0.0	168.0	169.0	protein484668	unknown function	0.0	0.0	0.0	0.0	0.0	0.0	0.0	0.0	0.0	0.0	0.0
PP	PP_CDS_0018	18278	18075	-	No_PHROG	unknown function	hypothetical protein	none	11																						
PP	PP_CDS_0019	19988	18297	-	239	DNA, RNA and nucleotide metabolism	DNA primase/helicase	foldseek	11	3812.0	1.0	1.150e-92	0.0	562.0	563.0	6.0	568.0	569.0	protein781730	DNA, RNA and nucleotide metabolism	0.998	0.0	0.0	0.0	0.001	0.998	0.0	0.0	0.0	0.001	0.0
PP	PP_CDS_0020	20514	19975	-	1614	DNA, RNA and nucleotide metabolism	nucleotidyltransferase	foldseek	11	978.0	0.955	1.743e-24	0.0	176.0	179.0	0.0	176.0	179.0	protein588603	DNA, RNA and nucleotide metabolism	1.0	0.0	0.0	0.0	0.0	1.0	0.0	0.0	0.0	0.0	0.0
PP	PP_CDS_0021	21024	20584	-	822	lysis	amidase	foldseek	11	1056.0	0.993	7.959e-28	0.0	145.0	146.0	0.0	145.0	146.0	protein759814	lysis	0.993	0.0	0.0	0.004	0.0	0.001	0.0	0.0	0.993	0.002	0.0
PP	PP_CDS_0022	21470	21027	-	945	DNA, RNA and nucleotide metabolism	endonuclease	foldseek	11	935.0	1.0	2.058e-24	0.0	146.0	147.0	0.0	146.0	147.0	protein840211	DNA, RNA and nucleotide metabolism	0.992	0.002	0.0	0.0	0.0	0.992	0.0	0.0	0.006	0.0	0.0
PP	PP_CDS_0023	22171	21470	-	112	DNA, RNA and nucleotide metabolism	Gp2.5-like ssDNA binding protein and ssDNA annealing protein	foldseek	11	1355.0	1.0	5.633e-33	0.0	232.0	233.0	0.0	232.0	233.0	protein656418	DNA, RNA and nucleotide metabolism	1.0	0.0	0.0	0.0	0.0	1.0	0.0	0.0	0.0	0.0	0.0
PP	PP_CDS_0024	22593	22225	-	No_PHROG	unknown function	hypothetical protein	none	11																						
PP	PP_CDS_0025	22757	22590	-	1307	DNA, RNA and nucleotide metabolism	RNA polymerase inhibitor	foldseek	11	385.0	0.981	2.300e-08	0.0	54.0	55.0	0.0	54.0	55.0	protein790770	DNA, RNA and nucleotide metabolism	1.0	0.0	0.0	0.0	0.0	1.0	0.0	0.0	0.0	0.0	0.0
PP	PP_CDS_0026	23401	22754	-	139	other	deoxynucleoside monophosphate kinase	foldseek	11	1292.0	1.0	4.614e-33	0.0	214.0	215.0	85.0	299.0	300.0	protein605436	other	1.0	0.0	0.0	0.0	0.0	0.0	0.0	0.0	0.0	1.0	0.0
PP	PP_CDS_0027	23655	23398	-	No_PHROG	unknown function	hypothetical protein	none	11																						
PP	PP_CDS_0028	24912	23848	-	114	DNA, RNA and nucleotide metabolism	ATP-dependent DNA ligase	foldseek	11	2356.0	1.0	5.597e-56	0.0	353.0	354.0	0.0	353.0	354.0	protein548122	DNA, RNA and nucleotide metabolism	0.993	0.002	0.0	0.0	0.001	0.993	0.0	0.0	0.0	0.004	0.0
PP	PP_CDS_0029	25310	24924	-	12775	unknown function	hypothetical protein	foldseek	11	628.0	0.992	5.810e-16	0.0	127.0	128.0	0.0	127.0	128.0	protein736058	unknown function	0.0	0.0	0.0	0.0	0.0	0.0	0.0	0.0	0.0	0.0	0.0
PP	PP_CDS_0030	25582	25310	-	No_PHROG	unknown function	hypothetical protein	none	11																						
PP	PP_CDS_0031	25716	25579	-	No_PHROG	unknown function	hypothetical protein	none	11																						
PP	PP_CDS_0032	28386	25729	-	414	DNA, RNA and nucleotide metabolism	RNA polymerase	foldseek	11	5272.0	0.998	1.354e-99	0.0	884.0	885.0	0.0	884.0	885.0	protein821365	DNA, RNA and nucleotide metabolism	0.999	0.001	0.0	0.0	0.0	0.999	0.0	0.0	0.0	0.0	0.0
PP	PP_CDS_0033	28955	28515	-	9238	unknown function	hypothetical protein	foldseek	11	599.0	0.927	4.406e-15	0.0	145.0	146.0	0.0	145.0	146.0	protein679286	unknown function	0.0	0.0	0.0	0.0	0.0	0.0	0.0	0.0	0.0	0.0	0.0
PP	PP_CDS_0034	29160	28957	-	No_PHROG	unknown function	hypothetical protein	none	11																						
PP	PP_CDS_0035	29864	29160	-	61	moron, auxiliary metabolic gene and host takeover	2OG-Fe(II) oxygenase	foldseek	11	1453.0	0.982	2.845e-36	0.0	233.0	234.0	0.0	233.0	234.0	protein176386	moron, auxiliary metabolic gene and host takeover	0.847	0.007	0.0	0.0	0.847	0.145	0.0	0.0	0.0	0.002	0.0
PP	PP_CDS_0036	30397	29861	-	8679	unknown function	hypothetical protein	foldseek	11	824.0	1.0	8.029e-19	0.0	177.0	178.0	0.0	177.0	178.0	protein836851	unknown function	0.0	0.0	0.0	0.0	0.0	0.0	0.0	0.0	0.0	0.0	0.0
PP	PP_CDS_0037	30907	30428	-	7806	unknown function	hypothetical protein	foldseek	11	816.0	1.0	8.520e-18	0.0	157.0	159.0	0.0	157.0	159.0	protein163277	unknown function	0.0	0.0	0.0	0.0	0.0	0.0	0.0	0.0	0.0	0.0	0.0
PP	PP_CDS_0038	31239	30997	-	No_PHROG	unknown function	hypothetical protein	none	11																						
PP	PP_CDS_0039	31429	31232	-	7884	unknown function	hypothetical protein	foldseek	11	412.0	1.0	1.967e-09	0.0	61.0	65.0	0.0	61.0	65.0	protein557943	unknown function	0.0	0.0	0.0	0.0	0.0	0.0	0.0	0.0	0.0	0.0	0.0
PP	PP_CDS_0040	31683	31429	-	16407	unknown function	hypothetical protein	foldseek	11	457.0	1.0	7.069e-11	0.0	83.0	84.0	0.0	83.0	84.0	protein454741	unknown function	0.0	0.0	0.0	0.0	0.0	0.0	0.0	0.0	0.0	0.0	0.0
PP	PP_CDS_0041	32983	32810	-	2193	unknown function	hypothetical protein	foldseek	11	210.0	0.807	9.258e-06	0.0	56.0	57.0	0.0	56.0	57.0	protein732638	unknown function	0.0	0.0	0.0	0.0	0.0	0.0	0.0	0.0	0.0	0.0	0.0
PP	PP_CDS_0042	34910	33162	-	38	head and packaging	terminase large subunit	foldseek	11	3357.0	0.959	4.272e-81	0.0	581.0	582.0	0.0	581.0	582.0	protein284981	head and packaging	0.994	0.994	0.0	0.001	0.0	0.004	0.001	0.0	0.0	0.0	0.0
PP	PP_CDS_0043	35359	34910	-	1327	lysis	Rz-like spanin	foldseek	11	679.0	1.0	6.818e-17	0.0	148.0	149.0	0.0	148.0	149.0	protein130569	lysis	1.0	0.0	0.0	0.0	0.0	0.0	0.0	0.0	1.0	0.0	0.0
PP	PP_CDS_0044	35616	35359	-	No_PHROG	unknown function	hypothetical protein	none	11																						
PP	PP_CDS_0045	35828	35613	-	No_PHROG	unknown function	hypothetical protein	none	11																						
PP	PP_CDS_0046	36187	35828	-	1795	tail	tail fiber protein	foldseek	11	503.0	0.771	5.885e-12	0.0	117.0	119.0	0.0	117.0	119.0	protein440761	tail	1.0	0.0	0.0	1.0	0.0	0.0	0.0	0.0	0.0	0.0	0.0
PP	PP_CDS_0047	38117	36225	-	4242	tail	tail fiber protein	foldseek	11	2109.0	0.628	9.900e-46	0.0	629.0	630.0	0.0	630.0	631.0	protein787936	tail	0.996	0.004	0.0	0.996	0.0	0.0	0.0	0.0	0.0	0.0	0.0
PP	PP_CDS_0048	39982	38180	-	342	head and packaging	internal virion protein with endolysin domain	foldseek	11	1890.0	0.997	8.667e-35	208.0	599.0	600.0	0.0	391.0	392.0	protein9309_2	head and packaging	0.997	0.997	0.0	0.0	0.0	0.003	0.0	0.0	0.0	0.0	0.0
